"","WORDS","X2015","X2014","X2013","X2012","X2011","X2010"
"1","sharing",3056,1154,440,123,27,23
"2","sharingeconomy",2660,729,221,89,NA,2
"3","can",2003,669,827,145,3,10
"4","new",1880,689,735,202,2,17
"5","also",1681,550,590,163,2,8
"6","2014",1541,775,NA,NA,NA,NA
"7","research",1522,487,688,113,NA,NA
"8","business",1425,541,326,99,NA,5
"9","people",1335,562,745,235,NA,11
"10","will",1320,434,526,211,3,23
"11","2015",1283,NA,NA,NA,NA,NA
"12","social",1210,657,638,107,8,NA
"13","collaborativeconsumption",1180,314,687,273,NA,NA
"14","service",1178,272,165,32,13,NA
"15","services",1152,354,198,21,5,5
"16","platforms",1147,476,138,103,NA,NA
"17","consumers",1141,173,212,96,NA,NA
"18","consumer",1103,217,325,201,NA,1
"19","companies",1084,304,251,46,NA,NA
"20","one",1068,441,521,140,3,NA
"21","use",1050,406,420,95,5,2
"22","see",1046,135,192,27,NA,NA
"23","consumption",981,285,324,76,NA,NA
"24","2013",959,441,323,NA,NA,NA
"25","may",948,389,432,76,11,2
"26","car",883,219,153,32,NA,3
"27","users",816,482,251,113,4,NA
"28","model",802,359,201,42,11,2
"29","2012",799,261,360,130,NA,NA
"30","airbnb",791,363,312,53,NA,NA
"31","platform",790,457,133,35,NA,NA
"32","different",778,294,293,83,8,NA
"33","however",764,244,313,33,5,2
"34","study",763,258,226,42,NA,NA
"35","time",762,310,310,91,2,5
"36","access",761,194,236,31,11,NA
"37","online",761,332,352,100,NA,NA
"38","uber",735,174,NA,NA,NA,NA
"39","information",698,271,255,43,7,3
"40","market",698,384,276,55,11,NA
"41","2010",682,259,374,68,5,1
"42","like",681,255,259,83,NA,7
"43","value",667,289,226,25,5,NA
"44","ownership",657,136,109,22,NA,5
"45","economic",644,378,166,109,4,NA
"46","example",621,202,251,41,NA,2
"47","share",619,207,181,35,2,4
"48","used",619,200,310,61,NA,NA
"49","company",613,255,158,30,NA,1
"50","data",603,339,263,39,3,NA
"51","local",602,164,112,47,12,2
"52","traditional",602,120,98,NA,NA,6
"53","e28093",600,303,318,20,NA,NA
"54","part",590,166,353,42,NA,NA
"55","way",590,175,265,77,NA,2
"56","within",584,166,165,NA,NA,NA
"57","need",581,140,259,78,NA,5
"58","note",581,NA,NA,NA,NA,NA
"59","trust",579,245,408,551,NA,NA
"60","economy",578,390,194,153,NA,NA
"61","public",571,231,194,20,NA,NA
"62","available",570,274,143,16,NA,NA
"63","work",565,203,158,57,NA,12
"64","order",561,166,173,18,5,NA
"65","quality",560,127,71,NA,NA,NA
"66","community",559,375,164,38,NA,14
"67","two",556,239,218,60,4,NA
"68","analysis",554,198,191,23,3,1
"69","number",554,217,181,33,NA,NA
"70","goods",553,621,324,70,NA,3
"71","2011",545,156,372,121,2,NA
"72","innovation",537,133,123,NA,NA,1
"73","well",533,174,166,81,2,NA
"74","supra",532,NA,NA,NA,NA,NA
"75","sustainable",529,190,118,17,NA,6
"76","many",527,304,223,112,NA,3
"77","sustainability",516,175,85,16,NA,NA
"78","members",513,152,208,37,NA,NA
"79","based",512,199,226,45,10,NA
"80","systems",510,255,151,113,NA,NA
"81","law",503,NA,697,29,NA,20
"82","case",499,308,249,19,NA,2
"83","firms",498,69,NA,NA,NA,NA
"84","environmental",497,151,164,21,NA,NA
"85","first",492,212,233,53,2,1
"86","important",492,150,179,39,1,2
"87","drivers",491,165,77,NA,NA,NA
"88","property",490,NA,72,NA,NA,2
"89","since",477,109,123,93,NA,NA
"90","figure",472,129,NA,29,NA,NA
"91","using",468,195,172,32,5,2
"92","system",466,238,296,116,NA,2
"93","even",459,178,182,42,1,1
"94","journal",451,143,200,19,2,NA
"95","thus",449,88,190,35,NA,NA
"96","accommodation",445,NA,75,NA,NA,NA
"97","values",443,133,72,24,NA,NA
"98","models",440,312,65,NA,NA,2
"99","exchange",435,210,115,34,1,3
"100","make",433,163,212,39,NA,4
"101","collaborative",428,197,193,25,NA,6
"102","shared",417,201,254,NA,NA,3
"103","city",415,204,NA,NA,NA,2
"104","peertopeer",413,305,99,NA,NA,NA
"105","concept",403,73,178,21,3,NA
"106","future",400,129,144,21,5,NA
"107","provide",399,136,149,18,2,NA
"108","personal",396,123,130,54,NA,NA
"109","internet",392,138,227,71,NA,NA
"110","network",389,176,109,NA,10,NA
"111","resources",389,203,133,29,NA,3
"112","taxi",389,76,NA,NA,NA,NA
"113","products",384,109,274,29,NA,NA
"114","less",381,137,196,18,3,NA
"115","others",379,111,154,30,NA,NA
"116","respondents",375,93,198,52,NA,NA
"117","often",374,148,117,18,NA,3
"118","cities",372,107,NA,NA,NA,NA
"119","level",372,101,124,30,3,NA
"120","might",371,95,105,16,NA,4
"121","costs",369,215,95,20,NA,NA
"122","rental",368,105,71,18,NA,NA
"123","whether",367,100,142,82,NA,NA
"124","private",364,167,78,NA,NA,NA
"125","change",362,108,105,61,NA,NA
"126","home",362,89,79,39,NA,NA
"127","cost",361,157,86,19,2,NA
"128","clothes",358,NA,137,NA,NA,NA
"129","legal",357,NA,248,37,NA,15
"130","regulation",356,61,190,NA,NA,NA
"131","development",353,127,165,68,NA,NA
"132","relationship",352,127,77,21,NA,NA
"133","markets",350,199,72,NA,NA,NA
"134","management",349,157,134,20,NA,NA
"135","ridesharing",349,112,NA,NA,NA,NA
"136","group",347,208,153,49,NA,5
"137","individuals",344,168,121,29,NA,2
"138","good",342,166,141,36,NA,2
"139","high",340,81,101,23,3,1
"140","rather",338,171,116,25,NA,2
"141","among",333,183,200,57,4,1
"142","review",332,112,140,NA,NA,NA
"143","results",331,144,211,NA,4,NA
"144","product",330,123,206,41,NA,NA
"145","take",330,113,251,37,NA,NA
"146","carsharing",329,89,NA,15,NA,NA
"147","literature",329,113,61,18,NA,3
"148","belk",328,76,108,NA,NA,NA
"149","university",326,84,156,30,NA,NA
"150","factors",325,94,150,55,NA,NA
"151","issues",323,85,113,25,2,1
"152","world",323,137,251,68,NA,5
"153","p2p",321,92,67,150,NA,NA
"154","rogers",321,83,121,53,NA,NA
"155","demand",320,144,NA,NA,18,NA
"156","become",318,99,115,39,1,1
"157","possible",318,98,163,36,NA,NA
"158","questions",318,90,156,55,NA,NA
"159","benefits",317,122,129,NA,NA,1
"160","therefore",317,81,209,33,16,NA
"161","groups",313,195,82,NA,NA,1
"162","three",310,133,153,24,3,NA
"163","impact",308,161,127,NA,NA,NA
"164","money",308,145,221,42,NA,2
"165","towards",307,83,79,26,NA,NA
"166","price",306,130,79,NA,26,NA
"167","free",302,74,88,NA,NA,1
"168","activities",301,95,90,16,NA,2
"169","potential",301,157,147,NA,NA,NA
"170","state",300,NA,99,20,NA,2
"171","industry",298,76,113,NA,NA,NA
"172","existing",297,69,101,NA,NA,NA
"173","according",295,151,126,31,NA,NA
"174","another",295,109,154,43,1,NA
"175","possessions",295,NA,NA,NA,NA,NA
"176","businesses",292,111,NA,47,NA,NA
"177","get",291,111,134,NA,NA,1
"178","practices",290,111,84,20,NA,NA
"179","botsman",289,80,79,50,NA,NA
"180","participants",288,136,308,21,NA,NA
"181","question",287,77,144,72,NA,NA
"182","ride",287,58,NA,NA,NA,NA
"183","technology",287,167,547,23,2,NA
"184","thesis",286,65,NA,31,NA,NA
"185","fact",285,72,79,33,3,NA
"186","find",285,114,128,21,1,1
"187","accessed",284,216,73,NA,NA,NA
"188","create",284,125,77,49,NA,3
"189","focus",284,119,69,NA,NA,NA
"190","space",284,114,121,21,NA,2
"191","still",284,80,88,23,NA,NA
"192","cars",283,84,59,NA,NA,NA
"193","regulations",282,NA,NA,24,NA,NA
"194","second",282,82,114,NA,NA,NA
"195","income",281,192,NA,112,NA,NA
"196","policy",281,111,94,NA,NA,NA
"197","process",281,123,198,21,NA,NA
"198","things",281,56,207,27,NA,NA
"199","insurance",280,NA,NA,NA,NA,3
"200","without",280,121,141,32,NA,NA
"201","just",279,119,122,18,NA,2
"202","needs",278,99,119,38,NA,2
"203","framework",277,75,112,NA,NA,1
"204","driver",276,83,NA,NA,NA,NA
"205","main",276,173,96,33,NA,NA
"206","table",276,172,87,NA,2,NA
"207","theory",276,136,146,16,NA,NA
"208","common",275,135,75,26,1,NA
"209","customers",275,141,150,NA,NA,NA
"210","survey",273,116,NA,NA,NA,NA
"211","experience",272,114,206,15,NA,NA
"212","york",272,90,93,17,NA,NA
"213","general",271,75,108,38,NA,NA
"214","instead",270,70,83,NA,NA,NA
"215","chapter",269,72,123,NA,NA,NA
"216","2009",268,106,141,48,5,NA
"217","likely",265,115,93,26,NA,NA
"218","found",264,101,153,17,NA,NA
"219","states",264,64,129,92,NA,NA
"220","findings",263,79,74,17,NA,NA
"221","much",263,137,118,22,NA,3
"222","environment",259,75,154,30,NA,NA
"223","hosts",259,94,NA,NA,NA,NA
"224","approach",258,63,127,15,4,2
"225","control",258,84,109,NA,1,NA
"226","individual",258,116,85,19,NA,2
"227","role",258,96,124,NA,NA,3
"228","support",258,135,91,NA,NA,NA
"229","due",257,67,106,41,8,NA
"230","offer",257,NA,NA,18,NA,NA
"231","context",256,87,177,NA,NA,NA
"232","international",252,69,120,NA,3,NA
"233","2007",251,84,170,NA,1,NA
"234","via",251,NA,NA,NA,NA,NA
"235","customer",250,146,99,NA,NA,NA
"236","government",250,68,NA,54,NA,1
"237","retrieved",250,89,81,53,NA,NA
"238","around",249,119,91,18,NA,3
"239","place",249,101,102,39,NA,NA
"240","must",245,84,84,53,NA,NA
"241","now",244,97,129,26,NA,3
"242","studies",244,68,109,NA,NA,NA
"243","given",243,60,90,15,6,NA
"244","user",241,142,85,26,NA,NA
"245","hand",240,NA,77,NA,NA,NA
"246","made",240,98,155,19,NA,1
"247","making",239,78,98,20,NA,2
"248","e2809cthe",238,66,70,25,NA,NA
"249","owners",238,56,NA,16,NA,NA
"250","better",237,136,69,26,NA,2
"251","hammarby",236,NA,NA,NA,NA,NA
"252","terms",236,120,72,NA,NA,NA
"253","types",236,81,68,NA,NA,NA
"254","able",235,59,91,41,NA,1
"255","communities",235,129,NA,60,NA,4
"256","current",235,102,139,76,1,NA
"257","interviews",234,91,78,35,NA,NA
"258","transportation",234,90,NA,NA,NA,NA
"259","years",234,103,101,23,NA,NA
"260","competition",231,NA,NA,NA,1,NA
"261","related",231,94,96,NA,NA,NA
"262","already",230,NA,101,23,NA,1
"263","form",227,87,134,76,NA,2
"264","want",227,87,84,25,NA,2
"265","digital",226,110,NA,NA,NA,NA
"266","following",226,84,97,29,3,NA
"267","financial",224,102,129,NA,NA,3
"268","ibid",224,NA,NA,16,NA,NA
"269","knowledge",224,69,102,18,NA,2
"270","although",223,76,84,19,2,NA
"271","per",223,114,59,NA,6,NA
"272","vol",223,NA,81,NA,9,NA
"273","furthermore",222,NA,101,NA,1,1
"274","means",222,68,163,33,NA,NA
"275","rules",222,NA,166,NA,NA,2
"276","clothing",221,NA,89,NA,NA,NA
"277","scale",221,77,NA,NA,NA,NA
"278","specific",220,79,94,15,2,NA
"279","alternative",219,74,60,NA,NA,NA
"280","particular",219,NA,102,NA,NA,NA
"281","que",219,NA,NA,NA,NA,NA
"282","times",219,60,65,17,NA,NA
"283","power",218,64,72,20,NA,NA
"284","higher",217,76,NA,15,2,NA
"285","idea",217,65,59,16,NA,NA
"286","increase",217,102,NA,35,2,NA
"287","urban",217,74,NA,NA,NA,2
"288","regulatory",216,72,166,NA,NA,NA
"289","something",216,NA,128,NA,NA,NA
"290","food",215,146,NA,27,NA,NA
"291","regarding",215,NA,NA,29,NA,NA
"292","several",215,56,83,NA,NA,NA
"293","society",215,108,226,73,NA,NA
"294","understanding",215,81,98,22,NA,2
"295","assets",214,64,NA,NA,NA,NA
"296","ef82b7",214,NA,NA,17,NA,NA
"297","problem",213,69,61,NA,8,NA
"298","big",211,NA,NA,NA,NA,1
"299","commercial",211,NA,NA,18,NA,NA
"300","networks",211,127,62,21,14,NA
"301","website",211,NA,116,55,NA,NA
"302","considered",210,NA,113,20,NA,NA
"303","similar",210,108,126,36,NA,NA
"304","energy",209,NA,NA,NA,NA,NA
"305","marketing",209,64,101,25,NA,NA
"306","result",208,65,93,NA,NA,NA
"307","last",207,58,62,NA,NA,NA
"308","theoretical",207,NA,NA,NA,NA,NA
"309","addition",205,87,100,NA,NA,NA
"310","global",205,72,132,27,2,NA
"311","reasons",205,NA,65,16,NA,NA
"312","including",204,97,114,NA,NA,NA
"313","help",203,94,137,50,NA,5
"314","certain",202,NA,125,NA,1,NA
"315","phenomenon",202,NA,NA,NA,NA,NA
"316","participate",201,69,NA,34,NA,NA
"317","2008",200,86,184,30,2,NA
"318","claims",200,NA,NA,NA,NA,NA
"319","growth",200,120,64,67,NA,2
"320","challenges",199,60,NA,NA,NA,NA
"321","design",199,71,86,29,1,NA
"322","life",199,67,106,39,NA,1
"323","section",199,107,80,93,10,NA
"324","ways",199,85,83,21,NA,NA
"325","concerns",198,NA,82,NA,1,NA
"326","include",198,79,59,NA,NA,NA
"327","items",198,113,165,122,NA,1
"328","area",197,82,NA,16,4,3
"329","empirical",197,60,NA,NA,NA,NA
"330","bardhi",196,NA,NA,NA,NA,NA
"331","key",196,95,87,27,NA,2
"332","mobility",196,89,NA,NA,NA,NA
"333","yet",196,70,79,NA,NA,NA
"334","pay",195,57,63,NA,NA,NA
"335","positive",195,NA,NA,NA,NA,NA
"336","providers",193,119,NA,NA,3,NA
"337","show",193,75,NA,17,NA,NA
"338","sjc3b6stad",193,NA,NA,NA,NA,NA
"339","building",192,106,76,57,NA,1
"340","four",192,62,109,22,NA,NA
"341","rent",192,56,113,96,NA,NA
"342","collaborativeconomy",191,81,88,NA,NA,NA
"343","decision",191,NA,63,40,NA,NA
"344","report",191,75,120,NA,NA,2
"345","interest",190,65,76,NA,NA,1
"346","sense",190,57,159,NA,NA,NA
"347","communication",189,NA,62,56,2,1
"348","reason",188,NA,NA,27,NA,NA
"349","article",187,NA,65,NA,NA,2
"350","lower",187,NA,NA,NA,NA,1
"351","paper",187,122,106,17,3,NA
"352","person",187,62,91,72,NA,NA
"353","significant",187,65,114,17,NA,NA
"354","interviewees",186,61,NA,18,NA,NA
"355","transaction",186,94,NA,25,NA,2
"356","lyft",185,268,NA,NA,NA,NA
"357","negative",185,NA,NA,NA,NA,NA
"358","response",185,NA,NA,50,NA,NA
"359","small",185,96,112,19,NA,NA
"360","2006",184,72,135,NA,1,NA
"361","allows",182,64,60,NA,NA,NA
"362","safety",181,95,73,24,NA,NA
"363","technologies",181,92,175,24,2,NA
"364","hotel",180,NA,158,33,NA,NA
"365","moreover",180,NA,82,NA,NA,NA
"366","economics",179,106,NA,NA,6,NA
"367","give",179,NA,98,20,NA,NA
"368","motivations",179,NA,NA,NA,NA,NA
"369","sccs",178,NA,NA,NA,NA,NA
"370","strategy",178,58,NA,NA,NA,NA
"371","travel",178,NA,85,NA,NA,NA
"372","long",177,57,NA,17,NA,1
"373","perspective",177,NA,99,NA,NA,NA
"374","utility",177,NA,NA,NA,4,NA
"375","average",176,92,61,35,NA,NA
"376","buy",176,NA,135,31,NA,NA
"377","either",176,72,NA,NA,NA,NA
"378","vehicle",176,76,NA,NA,NA,NA
"379","importance",175,NA,NA,NA,NA,NA
"380","rise",175,64,60,NA,NA,NA
"381","eckhardt",174,NA,NA,NA,NA,NA
"382","governments",174,NA,NA,NA,NA,NA
"383","low",174,65,59,NA,4,NA
"384","solutions",174,NA,NA,NA,NA,NA
"385","activity",173,NA,NA,17,NA,NA
"386","april",173,NA,NA,NA,NA,NA
"387","european",173,NA,144,NA,NA,NA
"388","media",173,151,107,31,NA,NA
"389","point",173,83,85,NA,NA,NA
"390","opportunities",172,63,NA,NA,NA,NA
"391","rate",172,NA,NA,22,30,NA
"392","san",172,NA,NA,NA,NA,NA
"393","shortterm",172,NA,NA,NA,NA,NA
"394","consider",171,69,NA,NA,3,NA
"395","participation",171,108,NA,NA,NA,NA
"396","providing",171,NA,NA,NA,3,NA
"397","relevant",171,NA,93,NA,NA,NA
"398","single",171,NA,NA,NA,NA,NA
"399","age",170,NA,59,14,NA,1
"400","forms",170,118,59,22,NA,1
"401","needed",170,NA,77,19,NA,NA
"402","areas",169,71,NA,NA,1,NA
"403","identified",169,NA,NA,NA,NA,NA
"404","think",169,73,86,19,NA,NA
"405","facebook",168,NA,75,16,NA,NA
"406","lack",168,57,59,NA,NA,NA
"407","percent",168,100,68,28,NA,NA
"408","previous",168,NA,NA,NA,3,NA
"409","issue",167,NA,71,34,NA,NA
"410","type",167,85,88,16,NA,NA
"411","choice",166,NA,NA,17,NA,NA
"412","act",165,NA,87,NA,NA,NA
"413","behavior",165,63,93,38,NA,NA
"414","factor",165,NA,NA,45,NA,NA
"415","owning",165,NA,NA,NA,NA,NA
"416","peer",165,141,NA,NA,NA,NA
"417","renting",165,NA,100,31,NA,NA
"418","working",165,NA,NA,21,NA,2
"419","2004",164,62,84,NA,NA,NA
"420","discussion",164,66,69,16,NA,NA
"421","influence",164,61,97,48,NA,NA
"422","large",164,93,66,80,NA,1
"423","tax",164,NA,NA,53,NA,NA
"424","authors",162,NA,NA,NA,NA,NA
"425","open",162,138,132,16,NA,6
"426","recent",162,NA,NA,NA,NA,NA
"427","behaviour",161,NA,NA,NA,1,NA
"428","interaction",161,64,62,NA,NA,NA
"429","capacity",160,72,NA,NA,1,NA
"430","compared",160,NA,NA,NA,NA,NA
"431","mentioned",160,NA,64,16,NA,NA
"432","political",160,81,NA,39,NA,NA
"433","seen",160,NA,NA,21,NA,NA
"434","term",160,NA,NA,NA,NA,NA
"435","material",159,NA,87,NA,NA,NA
"436","competitive",158,NA,NA,NA,1,NA
"437","set",158,72,97,15,NA,NA
"438","transactions",158,104,65,27,3,11
"439","every",157,81,60,28,NA,3
"440","instance",157,NA,108,18,NA,NA
"441","relationships",157,71,85,43,NA,NA
"442","together",157,70,NA,NA,NA,2
"443","allow",156,60,NA,NA,1,NA
"444","offers",155,NA,71,NA,NA,NA
"445","presented",155,NA,NA,NA,NA,NA
"446","aspects",154,61,NA,NA,NA,NA
"447","effects",154,89,90,NA,NA,NA
"448","know",154,96,114,18,NA,NA
"449","present",153,65,66,NA,NA,NA
"450","culture",152,57,157,30,NA,NA
"451","especially",152,78,72,19,NA,NA
"452","limited",152,NA,82,NA,NA,NA
"453","right",152,56,NA,28,NA,NA
"454","agents",150,NA,NA,NA,NA,NA
"455","next",150,66,62,22,3,NA
"456","opportunity",149,NA,NA,NA,NA,NA
"457","period",149,NA,NA,NA,3,NA
"458","egovernment",148,NA,NA,NA,NA,NA
"459","housing",148,NA,NA,NA,NA,NA
"460","interview",148,114,65,17,NA,NA
"461","living",148,NA,NA,24,NA,2
"462","qualitative",148,70,77,15,NA,NA
"463","room",148,NA,NA,33,NA,NA
"464","advantage",147,NA,NA,NA,NA,NA
"465","creating",147,58,NA,44,NA,1
"466","lead",147,NA,NA,NA,NA,NA
"467","meet",147,NA,NA,NA,NA,NA
"468","project",147,116,NA,32,NA,NA
"469","associated",146,67,59,NA,NA,NA
"470","conducted",146,NA,NA,NA,NA,NA
"471","effect",146,72,80,NA,NA,NA
"472","field",146,NA,65,29,NA,9
"473","commission",145,NA,127,NA,NA,1
"474","shows",145,69,NA,18,NA,NA
"475","increasing",144,NA,NA,NA,NA,NA
"476","laws",144,NA,NA,19,NA,NA
"477","mobile",144,105,NA,23,3,NA
"478","swapping",144,NA,139,NA,NA,NA
"479","tourism",144,395,75,NA,NA,NA
"480","best",143,NA,NA,24,NA,NA
"481","guests",143,81,NA,NA,NA,NA
"482","makes",143,68,79,15,NA,NA
"483","production",143,107,77,18,NA,NA
"484","success",143,NA,NA,NA,NA,NA
"485","clear",142,61,61,NA,NA,2
"486","developed",142,65,77,22,NA,NA
"487","examples",142,83,77,20,NA,NA
"488","francisco",142,NA,NA,NA,NA,NA
"489","generally",142,NA,NA,14,2,NA
"490","independent",142,NA,88,NA,NA,NA
"491","least",142,76,85,NA,NA,NA
"492","physical",142,NA,NA,NA,NA,NA
"493","provided",142,64,88,NA,NA,NA
"494","rentals",142,NA,NA,NA,NA,NA
"495","always",141,NA,74,NA,NA,NA
"496","objects",141,NA,61,NA,NA,NA
"497","parking",141,NA,NA,NA,NA,NA
"498","protection",141,NA,NA,NA,NA,NA
"499","revenue",141,NA,68,NA,9,NA
"500","suppliers",141,NA,NA,NA,NA,NA
"501","waste",NA,197,NA,NA,NA,NA
"502","craigslist",NA,190,NA,NA,NA,NA
"503","barcelona",NA,180,NA,NA,NA,NA
"504","vehicles",NA,148,NA,NA,NA,NA
"505","capital",NA,144,101,31,NA,NA
"506","side",NA,136,NA,NA,NA,NA
"507","july",NA,132,NA,NA,2,NA
"508","indicators",NA,119,NA,16,NA,NA
"509","tools",NA,119,NA,22,NA,3
"510","household",NA,117,NA,NA,NA,1
"511","etsy",NA,116,NA,NA,NA,NA
"512","ideas",NA,110,NA,16,NA,1
"513","institutions",NA,106,NA,NA,NA,NA
"514","provides",NA,103,92,NA,2,2
"515","initiatives",NA,102,NA,NA,NA,NA
"516","organization",NA,99,NA,NA,NA,2
"517","distribution",NA,95,NA,NA,NA,NA
"518","zipcar",NA,92,NA,NA,NA,NA
"519","american",NA,91,NA,61,NA,NA
"520","human",NA,90,177,NA,NA,1
"521","etc",NA,89,60,NA,NA,NA
"522","methods",NA,89,93,NA,NA,NA
"523","2003",NA,88,79,43,NA,NA
"524","twosided",NA,88,NA,NA,NA,NA
"525","various",NA,88,81,NA,NA,NA
"526","cases",NA,87,120,NA,NA,1
"527","range",NA,86,NA,NA,3,NA
"528","facilitate",NA,85,NA,NA,1,NA
"529","reputation",NA,85,NA,42,NA,NA
"530","couchsurfing",NA,83,NA,NA,NA,NA
"531","sides",NA,83,NA,NA,NA,NA
"532","across",NA,82,59,NA,NA,NA
"533","peers",NA,82,NA,NA,NA,NA
"534","afns",NA,80,NA,NA,NA,NA
"535","cultural",NA,79,72,NA,NA,NA
"536","features",NA,79,NA,NA,NA,NA
"537","september",NA,78,NA,17,NA,NA
"538","vacation",NA,78,NA,NA,NA,NA
"539","year",NA,78,NA,NA,NA,NA
"540","august",NA,77,NA,NA,NA,NA
"541","sector",NA,77,NA,NA,NA,NA
"542","definition",NA,76,NA,NA,1,NA
"543","center",NA,75,NA,NA,NA,3
"544","gear",NA,75,NA,NA,NA,NA
"545","labor",NA,75,NA,14,NA,1
"546","press",NA,75,102,22,NA,NA
"547","understand",NA,75,NA,NA,NA,NA
"548","2002",NA,74,113,32,NA,NA
"549","suggests",NA,74,NA,NA,NA,NA
"550","critical",NA,73,NA,NA,NA,NA
"551","2005",NA,72,119,NA,4,NA
"552","economies",NA,72,NA,NA,NA,4
"553","marketplace",NA,72,NA,15,NA,NA
"554","mass",NA,72,NA,21,NA,NA
"555","supply",NA,72,NA,NA,7,NA
"556","collective",NA,71,NA,NA,NA,NA
"557","develop",NA,71,74,NA,NA,2
"558","involved",NA,71,68,NA,NA,1
"559","projects",NA,71,NA,NA,NA,4
"560","categories",NA,70,NA,NA,NA,NA
"561","households",NA,70,NA,NA,NA,NA
"562","size",NA,70,NA,NA,NA,NA
"563","agency",NA,69,NA,NA,NA,NA
"564","characteristics",NA,69,NA,NA,NA,NA
"565","2000",NA,68,93,29,1,NA
"566","great",NA,68,NA,16,NA,NA
"567","million",NA,68,NA,NA,NA,NA
"568","population",NA,68,NA,NA,NA,NA
"569","profit",NA,68,NA,NA,10,NA
"570","strong",NA,68,NA,NA,NA,NA
"571","increased",NA,67,NA,NA,NA,NA
"572","sites",NA,67,NA,NA,NA,NA
"573","structure",NA,67,NA,NA,NA,2
"574","suggest",NA,67,NA,NA,NA,NA
"575","elements",NA,66,NA,NA,1,NA
"576","marketplaces",NA,66,NA,46,NA,NA
"577","trade",NA,66,NA,28,NA,NA
"578","amount",NA,65,NA,38,2,NA
"579","created",NA,65,NA,20,NA,2
"580","evidence",NA,65,NA,NA,NA,NA
"581","neighborgoods",NA,65,NA,NA,NA,NA
"582","organizations",NA,65,NA,19,NA,4
"583","reduce",NA,65,NA,NA,NA,NA
"584","sellers",NA,65,NA,NA,NA,NA
"585","strangers",NA,65,NA,35,NA,NA
"586","gain",NA,64,65,14,6,NA
"587","organizational",NA,64,NA,NA,NA,NA
"588","problems",NA,64,72,NA,NA,NA
"589","science",NA,64,92,NA,NA,NA
"590","homes",NA,63,NA,NA,NA,NA
"591","resource",NA,63,NA,NA,3,NA
"592","bikesharing",NA,62,NA,NA,NA,NA
"593","introduction",NA,62,NA,29,NA,NA
"594","total",NA,62,NA,NA,3,NA
"595","graph",NA,61,NA,NA,NA,NA
"596","affect",NA,60,NA,16,NA,NA
"597","gardens",NA,60,NA,NA,NA,3
"598","governance",NA,60,77,NA,NA,NA
"599","impacts",NA,60,NA,NA,NA,NA
"600","kickstarter",NA,60,NA,NA,NA,NA
"601","search",NA,60,NA,NA,NA,NA
"602","united",NA,60,87,88,NA,NA
"603","brand",NA,59,NA,NA,NA,NA
"604","choose",NA,59,NA,20,NA,NA
"605","come",NA,59,NA,NA,NA,4
"606","growing",NA,59,NA,39,NA,2
"607","improve",NA,59,NA,NA,1,NA
"608","mean",NA,59,NA,NA,NA,NA
"609","practice",NA,59,156,NA,NA,7
"610","variables",NA,59,195,NA,NA,NA
"611","build",NA,58,59,28,1,2
"612","fee",NA,58,NA,NA,NA,NA
"613","fees",NA,58,NA,NA,NA,2
"614","partners",NA,58,NA,NA,NA,NA
"615","relative",NA,58,NA,NA,NA,NA
"616","benefit",NA,57,104,NA,NA,NA
"617","ensure",NA,57,NA,NA,2,1
"618","norms",NA,57,79,NA,NA,NA
"619","secondhand",NA,57,NA,NA,NA,NA
"620","volume",NA,57,NA,NA,NA,NA
"621","exchanges",NA,56,NA,NA,NA,NA
"622","nature",NA,56,75,NA,NA,2
"623","reviews",NA,56,63,NA,NA,NA
"624","transit",NA,56,NA,NA,NA,NA
"625","application",NA,55,NA,NA,NA,1
"626","discuss",NA,55,NA,NA,3,NA
"627","fashion",NA,NA,331,NA,NA,NA
"628","standards",NA,NA,237,NA,NA,NA
"629","participant",NA,NA,220,15,NA,NA
"630","synthetic",NA,NA,214,NA,NA,NA
"631","biology",NA,NA,186,NA,NA,NA
"632","motives",NA,NA,163,NA,NA,NA
"633","libraries",NA,NA,156,NA,NA,NA
"634","assessment",NA,NA,149,NA,NA,NA
"635","van",NA,NA,139,NA,NA,NA
"636","library",NA,NA,135,NA,NA,NA
"637","health",NA,NA,131,NA,NA,1
"638","computer",NA,NA,127,NA,1,NA
"639","dependent",NA,NA,124,NA,NA,NA
"640","willingness",NA,NA,123,NA,NA,NA
"641","reform",NA,NA,120,NA,NA,NA
"642","hotels",NA,NA,119,NA,NA,NA
"643","technological",NA,NA,119,NA,NA,NA
"644","taking",NA,NA,115,NA,NA,NA
"645","risk",NA,NA,114,29,NA,2
"646","family",NA,NA,108,23,NA,1
"647","distance",NA,NA,106,NA,NA,NA
"648","interests",NA,NA,106,14,NA,4
"649","e280a2",NA,NA,104,67,NA,NA
"650","attributes",NA,NA,101,NA,NA,NA
"651","care",NA,NA,100,NA,NA,NA
"652","amsterdam",NA,NA,99,NA,NA,NA
"653","described",NA,NA,98,22,NA,NA
"654","basic",NA,NA,95,NA,NA,NA
"655","risks",NA,NA,93,NA,NA,NA
"656","experiences",NA,NA,92,17,NA,NA
"657","asked",NA,NA,91,27,NA,NA
"658","sample",NA,NA,91,NA,NA,NA
"659","technical",NA,NA,90,NA,NA,NA
"660","national",NA,NA,89,NA,NA,NA
"661","away",NA,NA,87,NA,NA,NA
"662","smart",NA,NA,87,NA,NA,NA
"663","standardization",NA,NA,87,NA,NA,NA
"664","friends",NA,NA,85,22,NA,1
"665","materialism",NA,NA,85,NA,NA,NA
"666","standard",NA,NA,85,NA,NA,NA
"667","credential",NA,NA,83,NA,NA,NA
"668","parties",NA,NA,83,NA,NA,4
"669","card",NA,NA,81,NA,NA,NA
"670","dress",NA,NA,81,NA,NA,NA
"671","giving",NA,NA,81,NA,NA,1
"672","pattern",NA,NA,81,NA,NA,NA
"673","swap",NA,NA,81,NA,NA,NA
"674","body",NA,NA,80,NA,NA,2
"675","identity",NA,NA,79,24,NA,NA
"676","someone",NA,NA,79,NA,NA,2
"677","expected",NA,NA,78,NA,NA,NA
"678","hospitality",NA,NA,77,NA,NA,NA
"679","motivation",NA,NA,77,NA,NA,NA
"680","principles",NA,NA,77,NA,NA,NA
"681","early",NA,NA,74,19,NA,NA
"682","willing",NA,NA,74,65,NA,NA
"683","1996",NA,NA,73,NA,NA,NA
"684","affluent",NA,NA,73,NA,NA,NA
"685","changes",NA,NA,73,34,NA,NA
"686","direct",NA,NA,73,NA,NA,NA
"687","countries",NA,NA,72,17,NA,NA
"688","1998",NA,NA,71,NA,NA,NA
"689","buying",NA,NA,70,16,NA,1
"690","received",NA,NA,70,NA,NA,NA
"691","task",NA,NA,70,NA,NA,NA
"692","credentials",NA,NA,69,NA,NA,NA
"693","end",NA,NA,69,22,2,1
"694","epa",NA,NA,69,NA,NA,NA
"695","code",NA,NA,68,NA,NA,NA
"696","emerging",NA,NA,68,NA,NA,1
"697","requires",NA,NA,68,NA,NA,NA
"698","becomes",NA,NA,67,14,NA,NA
"699","lending",NA,NA,67,NA,NA,NA
"700","source",NA,NA,67,NA,NA,3
"701","status",NA,NA,67,16,NA,NA
"702","surveillance",NA,NA,67,NA,NA,NA
"703","variable",NA,NA,67,NA,NA,NA
"704","relation",NA,NA,66,NA,NA,NA
"705","december",NA,NA,65,NA,NA,NA
"706","scientific",NA,NA,65,NA,NA,NA
"707","web",NA,NA,65,35,NA,NA
"708","biosimilars",NA,NA,64,NA,NA,NA
"709","box",NA,NA,64,NA,NA,NA
"710","requirements",NA,NA,64,NA,NA,NA
"711","websites",NA,NA,64,40,NA,NA
"712","meaning",NA,NA,63,NA,NA,NA
"713","2001",NA,NA,62,NA,NA,NA
"714","answer",NA,NA,62,34,NA,NA
"715","basis",NA,NA,62,14,NA,NA
"716","keep",NA,NA,62,14,NA,1
"717","possession",NA,NA,62,NA,NA,NA
"718","redistribution",NA,NA,62,NA,NA,NA
"719","save",NA,NA,62,15,NA,NA
"720","tasks",NA,NA,62,NA,NA,NA
"721","biosimilar",NA,NA,61,NA,NA,NA
"722","developing",NA,NA,61,15,NA,1
"723","dresses",NA,NA,61,NA,NA,NA
"724","patterns",NA,NA,61,NA,NA,NA
"725","challenge",NA,NA,60,NA,3,NA
"726","concern",NA,NA,60,22,NA,1
"727","currently",NA,NA,60,20,NA,NA
"728","difficult",NA,NA,60,15,NA,NA
"729","eds",NA,NA,60,NA,NA,NA
"730","privacy",NA,NA,60,32,NA,NA
"731","site",NA,NA,60,NA,NA,NA
"732","directly",NA,NA,59,NA,NA,NA
"733","researcher",NA,NA,59,NA,NA,NA
"734","successful",NA,NA,59,NA,NA,NA
"735","third",NA,NA,59,NA,NA,NA
"736","usa",NA,NA,NA,222,NA,NA
"737","country",NA,NA,NA,68,NA,1
"738","determine",NA,NA,NA,53,1,1
"739","1999",NA,NA,NA,44,1,NA
"740","cohen",NA,NA,NA,44,NA,NA
"741","necessary",NA,NA,NA,44,NA,NA
"742","history",NA,NA,NA,43,NA,NA
"743","war",NA,NA,NA,40,NA,NA
"744","stay",NA,NA,NA,38,NA,NA
"745","confidence",NA,NA,NA,35,NA,NA
"746","incentive",NA,NA,NA,35,5,NA
"747","longer",NA,NA,NA,35,NA,NA
"748","consumerism",NA,NA,NA,34,NA,NA
"749","house",NA,NA,NA,33,NA,1
"750","movement",NA,NA,NA,33,NA,NA
"751","though",NA,NA,NA,33,NA,NA
"752","advertising",NA,NA,NA,31,NA,NA
"753","measure",NA,NA,NA,31,NA,NA
"754","began",NA,NA,NA,29,NA,NA
"755","option",NA,NA,NA,29,NA,NA
"756","designed",NA,NA,NA,28,NA,NA
"757","options",NA,NA,NA,28,NA,NA
"758","rating",NA,NA,NA,28,NA,NA
"759","situation",NA,NA,NA,28,NA,NA
"760","enough",NA,NA,NA,27,NA,1
"761","land",NA,NA,NA,27,NA,NA
"762","past",NA,NA,NA,27,NA,NA
"763","revolution",NA,NA,NA,27,NA,NA
"764","citizens",NA,NA,NA,26,NA,NA
"765","lawyers",NA,NA,NA,26,NA,22
"766","topic",NA,NA,NA,26,NA,NA
"767","ability",NA,NA,NA,25,NA,NA
"768","appendix",NA,NA,NA,25,NA,NA
"769","beginning",NA,NA,NA,25,NA,3
"770","comments",NA,NA,NA,25,NA,NA
"771","discussed",NA,NA,NA,25,NA,NA
"772","extra",NA,NA,NA,25,10,NA
"773","gansky",NA,NA,NA,25,NA,NA
"774","generalized",NA,NA,NA,25,NA,NA
"775","changing",NA,NA,NA,24,NA,NA
"776","count",NA,NA,NA,24,NA,NA
"777","ecommerce",NA,NA,NA,24,NA,NA
"778","account",NA,NA,NA,23,NA,NA
"779","modern",NA,NA,NA,23,NA,NA
"780","style",NA,NA,NA,23,NA,NA
"781","batker",NA,NA,NA,22,NA,NA
"782","concerned",NA,NA,NA,22,NA,NA
"783","graaf",NA,NA,NA,22,NA,NA
"784","lodging",NA,NA,NA,22,NA,NA
"785","spending",NA,NA,NA,22,NA,NA
"786","strength",NA,NA,NA,22,NA,NA
"787","cooperative",NA,NA,NA,21,22,6
"788","encourage",NA,NA,NA,21,NA,3
"789","host",NA,NA,NA,21,NA,NA
"790","mechanisms",NA,NA,NA,21,NA,NA
"791","observation",NA,NA,NA,21,NA,NA
"792","security",NA,NA,NA,21,NA,NA
"793","1993",NA,NA,NA,20,NA,NA
"794","depression",NA,NA,NA,20,NA,NA
"795","era",NA,NA,NA,20,NA,NA
"796","leach",NA,NA,NA,20,NA,NA
"797","majority",NA,NA,NA,20,NA,NA
"798","questionnaire",NA,NA,NA,20,NA,NA
"799","shift",NA,NA,NA,20,NA,NA
"800","shown",NA,NA,NA,20,2,NA
"801","stranger",NA,NA,NA,20,NA,NA
"802","algorithms",NA,NA,NA,19,9,NA
"803","became",NA,NA,NA,19,NA,NA
"804","break",NA,NA,NA,19,NA,NA
"805","century",NA,NA,NA,19,NA,NA
"806","citizen",NA,NA,NA,19,NA,NA
"807","neighbors",NA,NA,NA,19,NA,2
"808","put",NA,NA,NA,19,NA,3
"809","trustworthiness",NA,NA,NA,19,NA,NA
"810","washer",NA,NA,NA,19,NA,NA
"811","connect",NA,NA,NA,18,NA,NA
"812","enable",NA,NA,NA,18,NA,2
"813","enterprise",NA,NA,NA,18,NA,NA
"814","glickman",NA,NA,NA,18,NA,NA
"815","governmental",NA,NA,NA,18,NA,NA
"816","real",NA,NA,NA,18,NA,2
"817","uslaner",NA,NA,NA,18,NA,NA
"818","western",NA,NA,NA,18,NA,NA
"819","agreements",NA,NA,NA,17,NA,5
"820","decades",NA,NA,NA,17,NA,NA
"821","decide",NA,NA,NA,17,NA,1
"822","decided",NA,NA,NA,17,NA,NA
"823","gefen",NA,NA,NA,17,NA,NA
"824","peoplee28099s",NA,NA,NA,17,NA,NA
"825","persone28099s",NA,NA,NA,17,NA,NA
"826","prefer",NA,NA,NA,17,NA,NA
"827","primary",NA,NA,NA,17,2,NA
"828","responses",NA,NA,NA,17,NA,NA
"829","tool",NA,NA,NA,17,NA,NA
"830","trusting",NA,NA,NA,17,NA,NA
"831","userse28099",NA,NA,NA,17,NA,NA
"832","1979",NA,NA,NA,16,NA,NA
"833","brought",NA,NA,NA,16,NA,NA
"834","built",NA,NA,NA,16,NA,1
"835","called",NA,NA,NA,16,NA,NA
"836","cooperatives",NA,NA,NA,16,NA,1
"837","decisions",NA,NA,NA,16,NA,NA
"838","developer",NA,NA,NA,16,NA,NA
"839","dollars",NA,NA,NA,16,NA,1
"840","feedback",NA,NA,NA,16,NA,NA
"841","freitag",NA,NA,NA,16,NA,NA
"842","gdp",NA,NA,NA,16,NA,NA
"843","list",NA,NA,NA,16,NA,NA
"844","luhmann",NA,NA,NA,16,NA,NA
"845","noted",NA,NA,NA,16,NA,NA
"846","occasionally",NA,NA,NA,16,NA,NA
"847","staying",NA,NA,NA,16,NA,NA
"848","civil",NA,NA,NA,15,NA,NA
"849","consuming",NA,NA,NA,15,NA,NA
"850","industrial",NA,NA,NA,15,NA,NA
"851","interesting",NA,NA,NA,15,NA,1
"852","interpersonal",NA,NA,NA,15,NA,NA
"853","jobs",NA,NA,NA,15,NA,1
"854","lot",NA,NA,NA,15,NA,1
"855","multiple",NA,NA,NA,15,8,NA
"856","old",NA,NA,NA,15,NA,NA
"857","opposed",NA,NA,NA,15,NA,NA
"858","researchers",NA,NA,NA,15,NA,NA
"859","taken",NA,NA,NA,15,NA,NA
"860","theories",NA,NA,NA,15,NA,NA
"861","today",NA,NA,NA,15,NA,NA
"862","traunmc3bcller",NA,NA,NA,15,NA,NA
"863","variety",NA,NA,NA,15,NA,NA
"864","words",NA,NA,NA,15,NA,2
"865","attempting",NA,NA,NA,14,NA,NA
"866","baudrillard",NA,NA,NA,14,NA,NA
"867","combined",NA,NA,NA,14,NA,NA
"868","cornell",NA,NA,NA,14,NA,NA
"869","doi",NA,NA,NA,14,NA,NA
"870","dont",NA,NA,NA,14,NA,NA
"871","earn",NA,NA,NA,14,NA,NA
"872","gross",NA,NA,NA,14,NA,NA
"873","incomes",NA,NA,NA,14,NA,NA
"874","influenced",NA,NA,NA,14,NA,NA
"875","ithaca",NA,NA,NA,14,NA,NA
"876","levels",NA,NA,NA,14,NA,NA
"877","march",NA,NA,NA,14,NA,NA
"878","marketers",NA,NA,NA,14,NA,NA
"879","office",NA,NA,NA,14,NA,NA
"880","lus",NA,NA,NA,NA,62,NA
"881","spectrum",NA,NA,NA,NA,37,NA
"882","bandwidth",NA,NA,NA,NA,34,NA
"883","sps",NA,NA,NA,NA,34,NA
"884","connections",NA,NA,NA,NA,31,NA
"885","sps92",NA,NA,NA,NA,31,NA
"886","roaming",NA,NA,NA,NA,27,NA
"887","equilibrium",NA,NA,NA,NA,26,NA
"888","wireless",NA,NA,NA,NA,21,NA
"889","heterogeneous",NA,NA,NA,NA,18,NA
"890","scheme",NA,NA,NA,NA,18,NA
"891","optimal",NA,NA,NA,NA,17,NA
"892","function",NA,NA,NA,NA,15,1
"893","spi",NA,NA,NA,NA,15,NA
"894","incentives",NA,NA,NA,NA,14,NA
"895","ieee",NA,NA,NA,NA,13,NA
"896","leverage",NA,NA,NA,NA,13,NA
"897","adaptive",NA,NA,NA,NA,12,NA
"898","iterative",NA,NA,NA,NA,12,NA
"899","allocated",NA,NA,NA,NA,10,NA
"900","expectation",NA,NA,NA,NA,10,NA
"901","wns",NA,NA,NA,NA,10,NA
"902","algorithm",NA,NA,NA,NA,9,NA
"903","ascent",NA,NA,NA,NA,9,NA
"904","gradient",NA,NA,NA,NA,9,NA
"905","naive",NA,NA,NA,NA,9,NA
"906","obtain",NA,NA,NA,NA,9,NA
"907","pricing",NA,NA,NA,NA,9,NA
"908","dynamic",NA,NA,NA,NA,8,NA
"909","satisfactory",NA,NA,NA,NA,8,NA
"910","stability",NA,NA,NA,NA,8,NA
"911","welfare",NA,NA,NA,NA,8,NA
"912","communications",NA,NA,NA,NA,7,NA
"913","functions",NA,NA,NA,NA,7,NA
"914","maximize",NA,NA,NA,NA,7,NA
"915","method",NA,NA,NA,NA,7,NA
"916","qos",NA,NA,NA,NA,7,NA
"917","radio",NA,NA,NA,NA,7,NA
"918","temporarily",NA,NA,NA,NA,7,NA
"919","93a",NA,NA,NA,NA,6,NA
"920","jacobian",NA,NA,NA,NA,6,NA
"921","matrix",NA,NA,NA,NA,6,NA
"922","networks94",NA,NA,NA,NA,6,NA
"923","overall",NA,NA,NA,NA,6,NA
"924","proposes",NA,NA,NA,NA,6,NA
"925","stable",NA,NA,NA,NA,6,NA
"926","cognitive",NA,NA,NA,NA,5,NA
"927","conditions",NA,NA,NA,NA,5,NA
"928","conference",NA,NA,NA,NA,5,NA
"929","maximizes",NA,NA,NA,NA,5,NA
"930","obtained",NA,NA,NA,NA,5,NA
"931","payoff",NA,NA,NA,NA,5,NA
"932","proposed",NA,NA,NA,NA,5,NA
"933","simultaneously",NA,NA,NA,NA,5,2
"934","achieve",NA,NA,NA,NA,4,NA
"935","allocation",NA,NA,NA,NA,4,NA
"936","auction",NA,NA,NA,NA,4,NA
"937","backward",NA,NA,NA,NA,4,NA
"938","coverage",NA,NA,NA,NA,4,NA
"939","induction",NA,NA,NA,NA,4,NA
"940","learning",NA,NA,NA,NA,4,1
"941","nonlinear",NA,NA,NA,NA,4,NA
"942","novel",NA,NA,NA,NA,4,NA
"943","reach",NA,NA,NA,NA,4,NA
"944","respectively",NA,NA,NA,NA,4,NA
"945","satisfaction",NA,NA,NA,NA,4,NA
"946","spectrumbandwidth",NA,NA,NA,NA,4,NA
"947","sum",NA,NA,NA,NA,4,NA
"948","zero",NA,NA,NA,NA,4,NA
"949","92s",NA,NA,NA,NA,3,NA
"950","accordingly",NA,NA,NA,NA,3,NA
"951","adaption",NA,NA,NA,NA,3,NA
"952","adopt",NA,NA,NA,NA,3,NA
"953","aid",NA,NA,NA,NA,3,NA
"954","analyzed",NA,NA,NA,NA,3,NA
"955","attempt",NA,NA,NA,NA,3,NA
"956","believes",NA,NA,NA,NA,3,NA
"957","bii",NA,NA,NA,NA,3,NA
"958","dec",NA,NA,NA,NA,3,NA
"959","decentralized",NA,NA,NA,NA,3,2
"960","effective",NA,NA,NA,NA,3,NA
"961","eigenvalues",NA,NA,NA,NA,3,NA
"962","follows",NA,NA,NA,NA,3,NA
"963","greatly",NA,NA,NA,NA,3,NA
"964","iterations",NA,NA,NA,NA,3,NA
"965","lus92",NA,NA,NA,NA,3,NA
"966","mechanism",NA,NA,NA,NA,3,NA
"967","mpbs",NA,NA,NA,NA,3,NA
"968","networking",NA,NA,NA,NA,3,NA
"969","optimization",NA,NA,NA,NA,3,NA
"970","propose",NA,NA,NA,NA,3,NA
"971","required",NA,NA,NA,NA,3,NA
"972","satisfy",NA,NA,NA,NA,3,NA
"973","scenario",NA,NA,NA,NA,3,NA
"974","selfmapping",NA,NA,NA,NA,3,NA
"975","sept",NA,NA,NA,NA,3,NA
"976","serve",NA,NA,NA,NA,3,NA
"977","sp3",NA,NA,NA,NA,3,NA
"978","spj",NA,NA,NA,NA,3,NA
"979","spk92s",NA,NA,NA,NA,3,NA
"980","summarized",NA,NA,NA,NA,3,NA
"981","transmission",NA,NA,NA,NA,3,NA
"982","unchanged",NA,NA,NA,NA,3,NA
"983","9797",NA,NA,NA,NA,2,NA
"984","additional",NA,NA,NA,NA,2,NA
"985","adoption",NA,NA,NA,NA,2,NA
"986","analyze",NA,NA,NA,NA,2,NA
"987","architecture",NA,NA,NA,NA,2,NA
"988","attempts",NA,NA,NA,NA,2,NA
"989","base",NA,NA,NA,NA,2,NA
"990","bases",NA,NA,NA,NA,2,NA
"991","belong",NA,NA,NA,NA,2,NA
"992","bij",NA,NA,NA,NA,2,NA
"993","bik",NA,NA,NA,NA,2,NA
"994","chen",NA,NA,NA,NA,2,NA
"995","combinatorial",NA,NA,NA,NA,2,NA
"996","computers",NA,NA,NA,NA,2,NA
"997","concepts",NA,NA,NA,NA,2,NA
"998","conclusion",NA,NA,NA,NA,2,NA
"999","contract",NA,NA,NA,NA,2,1
"1000","define",NA,NA,NA,NA,2,NA
"1001","defined",NA,NA,NA,NA,2,NA
"1002","denotes",NA,NA,NA,NA,2,NA
"1003","derive",NA,NA,NA,NA,2,NA
"1004","determines",NA,NA,NA,NA,2,NA
"1005","dit",NA,NA,NA,NA,2,NA
"1006","dsa",NA,NA,NA,NA,2,NA
"1007","dynamics",NA,NA,NA,NA,2,NA
"1008","efficient",NA,NA,NA,NA,2,NA
"1009","endtoend",NA,NA,NA,NA,2,NA
"1010","eq2",NA,NA,NA,NA,2,NA
"1011","firstly",NA,NA,NA,NA,2,NA
"1012","formulate",NA,NA,NA,NA,2,NA
"1013","formulated",NA,NA,NA,NA,2,NA
"1014","fundamental",NA,NA,NA,NA,2,NA
"1015","handoff",NA,NA,NA,NA,2,NA
"1016","hierarchical",NA,NA,NA,NA,2,NA
"1017","iii",NA,NA,NA,NA,2,NA
"1018","implementation",NA,NA,NA,NA,2,NA
"1019","incremental",NA,NA,NA,NA,2,NA
"1020","infinity",NA,NA,NA,NA,2,NA
"1021","integration",NA,NA,NA,NA,2,NA
"1022","introducing",NA,NA,NA,NA,2,NA
"1023","larger",NA,NA,NA,NA,2,NA
"1024","lee",NA,NA,NA,NA,2,NA
"1025","licenses",NA,NA,NA,NA,2,NA
"1026","m2m",NA,NA,NA,NA,2,NA
"1027","machinetomachine",NA,NA,NA,NA,2,NA
"1028","maximizing",NA,NA,NA,NA,2,NA
"1029","model94",NA,NA,NA,NA,2,NA
"1030","mth",NA,NA,NA,NA,2,NA
"1031","n33",NA,NA,NA,NA,2,NA
"1032","nii",NA,NA,NA,NA,2,NA
"1033","nij",NA,NA,NA,NA,2,NA
"1034","nik",NA,NA,NA,NA,2,NA
"1035","numerical",NA,NA,NA,NA,2,NA
"1036","observe",NA,NA,NA,NA,2,NA
"1037","performance",NA,NA,NA,NA,2,NA
"1038","possibly",NA,NA,NA,NA,2,NA
"1039","pricingbased",NA,NA,NA,NA,2,NA
"1040","region",NA,NA,NA,NA,2,NA
"1041","respond",NA,NA,NA,NA,2,NA
"1042","secondary",NA,NA,NA,NA,2,NA
"1043","simple",NA,NA,NA,NA,2,NA
"1044","sp1",NA,NA,NA,NA,2,NA
"1045","sp192s",NA,NA,NA,NA,2,NA
"1046","sp2",NA,NA,NA,NA,2,NA
"1047","sp292s",NA,NA,NA,NA,2,NA
"1048","sp392s",NA,NA,NA,NA,2,NA
"1049","taiwan",NA,NA,NA,NA,2,NA
"1050","ubiquitous",NA,NA,NA,NA,2,NA
"1051","users92",NA,NA,NA,NA,2,NA
"1052","uses",NA,NA,NA,NA,2,NA
"1053","utilize",NA,NA,NA,NA,2,NA
"1054","verify",NA,NA,NA,NA,2,NA
"1055","vertical",NA,NA,NA,NA,2,NA
"1056","vii",NA,NA,NA,NA,2,NA
"1057","wbsi",NA,NA,NA,NA,2,NA
"1058","winner",NA,NA,NA,NA,2,NA
"1059","works",NA,NA,NA,NA,2,2
"1060","0001",NA,NA,NA,NA,1,NA
"1061","052",NA,NA,NA,NA,1,NA
"1062","06180",NA,NA,NA,NA,1,NA
"1063","106",NA,NA,NA,NA,1,NA
"1064","1176",NA,NA,NA,NA,1,NA
"1065","12344",NA,NA,NA,NA,1,NA
"1066","1367",NA,NA,NA,NA,1,NA
"1067","1371",NA,NA,NA,NA,1,NA
"1068","14489",NA,NA,NA,NA,1,NA
"1069","19111",NA,NA,NA,NA,1,NA
"1070","1995",NA,NA,NA,NA,1,NA
"1071","1997",NA,NA,NA,NA,1,NA
"1072","2010fall",NA,NA,NA,NA,1,NA
"1073","2127962159",NA,NA,NA,NA,1,NA
"1074","231",NA,NA,NA,NA,1,NA
"1075","2nd",NA,NA,NA,NA,1,NA
"1076","390",NA,NA,NA,NA,1,NA
"1077","391",NA,NA,NA,NA,1,NA
"1078","392",NA,NA,NA,NA,1,NA
"1079","39611",NA,NA,NA,NA,1,NA
"1080","399",NA,NA,NA,NA,1,NA
"1081","44596459",NA,NA,NA,NA,1,NA
"1082","5150",NA,NA,NA,NA,1,NA
"1083","72nd",NA,NA,NA,NA,1,NA
"1084","76196798",NA,NA,NA,NA,1,NA
"1085","779689",NA,NA,NA,NA,1,NA
"1086","851",NA,NA,NA,NA,1,NA
"1087","865",NA,NA,NA,NA,1,NA
"1088","89611",NA,NA,NA,NA,1,NA
"1089","9209",NA,NA,NA,NA,1,NA
"1090","93bearer",NA,NA,NA,NA,1,NA
"1091","93competitive",NA,NA,NA,NA,1,NA
"1092","93contractbased",NA,NA,NA,NA,1,NA
"1093","93fundamental",NA,NA,NA,NA,1,NA
"1094","93heterogeneous",NA,NA,NA,NA,1,NA
"1095","93modelling",NA,NA,NA,NA,1,NA
"1096","93network",NA,NA,NA,NA,1,NA
"1097","93next",NA,NA,NA,NA,1,NA
"1098","9611",NA,NA,NA,NA,1,NA
"1099","961188",NA,NA,NA,NA,1,NA
"1100","96236",NA,NA,NA,NA,1,NA
"1101","96407",NA,NA,NA,NA,1,NA
"1102","965",NA,NA,NA,NA,1,NA
"1103","965155",NA,NA,NA,NA,1,NA
"1104","966",NA,NA,NA,NA,1,NA
"1105","96855",NA,NA,NA,NA,1,NA
"1106","96877",NA,NA,NA,NA,1,NA
"1107","9781467300407112600",NA,NA,NA,NA,1,NA
"1108","a92011",NA,NA,NA,NA,1,NA
"1109","abstract97to",NA,NA,NA,NA,1,NA
"1110","access94",NA,NA,NA,NA,1,NA
"1111","accesscognitive",NA,NA,NA,NA,1,NA
"1112","achieved",NA,NA,NA,NA,1,NA
"1113","adapt",NA,NA,NA,NA,1,NA
"1114","adapts",NA,NA,NA,NA,1,NA
"1115","address",NA,NA,NA,NA,1,NA
"1116","adjust",NA,NA,NA,NA,1,NA
"1117","adjusts",NA,NA,NA,NA,1,NA
"1118","adopted",NA,NA,NA,NA,1,NA
"1119","affects",NA,NA,NA,NA,1,NA
"1120","agricultural",NA,NA,NA,NA,1,NA
"1121","akyildiz",NA,NA,NA,NA,1,NA
"1122","allocating",NA,NA,NA,NA,1,NA
"1123","allowing",NA,NA,NA,NA,1,NA
"1124","andez",NA,NA,NA,NA,1,NA
"1125","ands",NA,NA,NA,NA,1,NA
"1126","announced",NA,NA,NA,NA,1,NA
"1127","announces",NA,NA,NA,NA,1,NA
"1128","anticipates",NA,NA,NA,NA,1,NA
"1129","applications",NA,NA,NA,NA,1,NA
"1130","applying",NA,NA,NA,NA,1,NA
"1131","approaches",NA,NA,NA,NA,1,NA
"1132","approaches94",NA,NA,NA,NA,1,NA
"1133","architectures",NA,NA,NA,NA,1,NA
"1134","arrangement",NA,NA,NA,NA,1,NA
"1135","assumptions",NA,NA,NA,NA,1,NA
"1136","assurance",NA,NA,NA,NA,1,NA
"1137","aswhere",NA,NA,NA,NA,1,NA
"1138","athena",NA,NA,NA,NA,1,NA
"1139","auctioneers",NA,NA,NA,NA,1,NA
"1140","bacsi",NA,NA,NA,NA,1,NA
"1141","barba",NA,NA,NA,NA,1,NA
"1142","beliefs",NA,NA,NA,NA,1,NA
"1143","belonging",NA,NA,NA,NA,1,NA
"1144","belongs",NA,NA,NA,NA,1,NA
"1145","beneficial",NA,NA,NA,NA,1,NA
"1146","bertsekas",NA,NA,NA,NA,1,NA
"1147","biim",NA,NA,NA,NA,1,NA
"1148","bijm",NA,NA,NA,NA,1,NA
"1149","bikm",NA,NA,NA,NA,1,NA
"1150","bji",NA,NA,NA,NA,1,NA
"1151","bki",NA,NA,NA,NA,1,NA
"1152","cellular",NA,NA,NA,NA,1,NA
"1153","chang",NA,NA,NA,NA,1,NA
"1154","changed",NA,NA,NA,NA,1,NA
"1155","chaotic",NA,NA,NA,NA,1,NA
"1156","chenkccceentuedutw",NA,NA,NA,NA,1,NA
"1157","circle",NA,NA,NA,NA,1,NA
"1158","cobweb",NA,NA,NA,NA,1,NA
"1159","compare",NA,NA,NA,NA,1,NA
"1160","complete",NA,NA,NA,NA,1,NA
"1161","complex",NA,NA,NA,NA,1,NA
"1162","complexity",NA,NA,NA,NA,1,NA
"1163","concave",NA,NA,NA,NA,1,NA
"1164","connection",NA,NA,NA,NA,1,NA
"1165","connectivity",NA,NA,NA,NA,1,NA
"1166","consecutive",NA,NA,NA,NA,1,NA
"1167","considerations",NA,NA,NA,NA,1,NA
"1168","consisting",NA,NA,NA,NA,1,NA
"1169","consists",NA,NA,NA,NA,1,NA
"1170","constant",NA,NA,NA,NA,1,NA
"1171","convergence",NA,NA,NA,NA,1,NA
"1172","cooperation",NA,NA,NA,NA,1,4
"1173","cooperatively",NA,NA,NA,NA,1,NA
"1174","corresponding",NA,NA,NA,NA,1,NA
"1175","creates",NA,NA,NA,NA,1,1
"1176","deal",NA,NA,NA,NA,1,NA
"1177","dedicated",NA,NA,NA,NA,1,NA
"1178","derived",NA,NA,NA,NA,1,NA
"1179","describe",NA,NA,NA,NA,1,NA
"1180","detail",NA,NA,NA,NA,1,NA
"1181","deterministic",NA,NA,NA,NA,1,NA
"1182","difference",NA,NA,NA,NA,1,NA
"1183","differentiating",NA,NA,NA,NA,1,NA
"1184","direction",NA,NA,NA,NA,1,1
"1185","discrete",NA,NA,NA,NA,1,NA
"1186","discusses",NA,NA,NA,NA,1,NA
"1187","duan",NA,NA,NA,NA,1,NA
"1188","dyspan",NA,NA,NA,NA,1,NA
"1189","e2e",NA,NA,NA,NA,1,NA
"1190","easily",NA,NA,NA,NA,1,NA
"1191","easy",NA,NA,NA,NA,1,1
"1192","economically",NA,NA,NA,NA,1,NA
"1193","edition",NA,NA,NA,NA,1,NA
"1194","effectively",NA,NA,NA,NA,1,NA
"1195","engineering",NA,NA,NA,NA,1,NA
"1196","enhance",NA,NA,NA,NA,1,NA
"1197","enhances",NA,NA,NA,NA,1,NA
"1198","environments",NA,NA,NA,NA,1,NA
"1199","eq1",NA,NA,NA,NA,1,NA
"1200","eq16",NA,NA,NA,NA,1,NA
"1201","eq18",NA,NA,NA,NA,1,NA
"1202","eq5",NA,NA,NA,NA,1,NA
"1203","equal",NA,NA,NA,NA,1,NA
"1204","estimate",NA,NA,NA,NA,1,NA
"1205","evaluation",NA,NA,NA,NA,1,NA
"1206","excellent",NA,NA,NA,NA,1,NA
"1207","expectations",NA,NA,NA,NA,1,NA
"1208","extended",NA,NA,NA,NA,1,NA
"1209","extreme",NA,NA,NA,NA,1,NA
"1210","extremely",NA,NA,NA,NA,1,NA
"1211","fall",NA,NA,NA,NA,1,NA
"1212","fellow",NA,NA,NA,NA,1,NA
"1213","fig",NA,NA,NA,NA,1,NA
"1214","fig2",NA,NA,NA,NA,1,NA
"1215","fig3",NA,NA,NA,NA,1,NA
"1216","florescorte",NA,NA,NA,NA,1,NA
"1217","fluctuation",NA,NA,NA,NA,1,NA
"1218","followswhere",NA,NA,NA,NA,1,NA
"1219","forecast",NA,NA,NA,NA,1,NA
"1220","formulation",NA,NA,NA,NA,1,NA
"1221","frontiers",NA,NA,NA,NA,1,NA
"1222","game",NA,NA,NA,NA,1,NA
"1223","gao",NA,NA,NA,NA,1,NA
"1224","generality",NA,NA,NA,NA,1,NA
"1225","generalize",NA,NA,NA,NA,1,NA
"1226","generationdynamic",NA,NA,NA,NA,1,NA
"1227","globecom",NA,NA,NA,NA,1,NA
"1228","goeree",NA,NA,NA,NA,1,NA
"1229","graduate",NA,NA,NA,NA,1,NA
"1230","guerreroiban",NA,NA,NA,NA,1,NA
"1231","heterogeneouswn",NA,NA,NA,NA,1,NA
"1232","holding",NA,NA,NA,NA,1,NA
"1233","hommes",NA,NA,NA,NA,1,NA
"1234","hossain",NA,NA,NA,NA,1,NA
"1235","huang",NA,NA,NA,NA,1,NA
"1236","hungbin",NA,NA,NA,NA,1,NA
"1237","icc",NA,NA,NA,NA,1,NA
"1238","iccta",NA,NA,NA,NA,1,NA
"1239","iiib",NA,NA,NA,NA,1,NA
"1240","implement",NA,NA,NA,NA,1,NA
"1241","implementations",NA,NA,NA,NA,1,NA
"1242","lawyer",NA,NA,NA,NA,NA,10
"1243","attorney",NA,NA,NA,NA,NA,9
"1244","documents",NA,NA,NA,NA,NA,9
"1245","clients",NA,NA,NA,NA,NA,7
"1246","lynne",NA,NA,NA,NA,NA,6
"1247","transactional",NA,NA,NA,NA,NA,6
"1248","document",NA,NA,NA,NA,NA,5
"1249","client",NA,NA,NA,NA,NA,4
"1250","creative",NA,NA,NA,NA,NA,4
"1251","department",NA,NA,NA,NA,NA,4
"1252","fit",NA,NA,NA,NA,NA,4
"1253","trying",NA,NA,NA,NA,NA,4
"1254","affordable",NA,NA,NA,NA,NA,3
"1255","agriculture",NA,NA,NA,NA,NA,3
"1256","attorneys",NA,NA,NA,NA,NA,3
"1257","ball",NA,NA,NA,NA,NA,3
"1258","call",NA,NA,NA,NA,NA,3
"1259","cohousing",NA,NA,NA,NA,NA,3
"1260","collaboration",NA,NA,NA,NA,NA,3
"1261","everyone",NA,NA,NA,NA,NA,3
"1262","explain",NA,NA,NA,NA,NA,3
"1263","extent",NA,NA,NA,NA,NA,3
"1264","launched",NA,NA,NA,NA,NA,3
"1265","law94",NA,NA,NA,NA,NA,3
"1266","look",NA,NA,NA,NA,NA,3
"1267","party",NA,NA,NA,NA,NA,3
"1268","play",NA,NA,NA,NA,NA,3
"1269","skills",NA,NA,NA,NA,NA,3
"1270","sometimes",NA,NA,NA,NA,NA,3
"1271","square",NA,NA,NA,NA,NA,3
"1272","wheels",NA,NA,NA,NA,NA,3
"1273","93community",NA,NA,NA,NA,NA,2
"1274","93financed94",NA,NA,NA,NA,NA,2
"1275","93sharing",NA,NA,NA,NA,NA,2
"1276","accessible",NA,NA,NA,NA,NA,2
"1277","adaptable",NA,NA,NA,NA,NA,2
"1278","adopting",NA,NA,NA,NA,NA,2
"1279","advocate",NA,NA,NA,NA,NA,2
"1280","agreement",NA,NA,NA,NA,NA,2
"1281","applied",NA,NA,NA,NA,NA,2
"1282","arise",NA,NA,NA,NA,NA,2
"1283","arrangements",NA,NA,NA,NA,NA,2
"1284","babysitting",NA,NA,NA,NA,NA,2
"1285","banking",NA,NA,NA,NA,NA,2
"1286","brings",NA,NA,NA,NA,NA,2
"1287","clearly",NA,NA,NA,NA,NA,2
"1288","commons",NA,NA,NA,NA,NA,2
"1289","conflicts",NA,NA,NA,NA,NA,2
"1290","contracts",NA,NA,NA,NA,NA,2
"1291","coops",NA,NA,NA,NA,NA,2
"1292","coownership",NA,NA,NA,NA,NA,2
"1293","describing",NA,NA,NA,NA,NA,2
"1294","deviates",NA,NA,NA,NA,NA,2
"1295","don92t",NA,NA,NA,NA,NA,2
"1296","enjoy",NA,NA,NA,NA,NA,2
"1297","entities",NA,NA,NA,NA,NA,2
"1298","estate",NA,NA,NA,NA,NA,2
"1299","evolving",NA,NA,NA,NA,NA,2
"1300","far",NA,NA,NA,NA,NA,2
"1301","fluid",NA,NA,NA,NA,NA,2
"1302","focused",NA,NA,NA,NA,NA,2
"1303","forward",NA,NA,NA,NA,NA,2
"1304","generation",NA,NA,NA,NA,NA,2
"1305","going",NA,NA,NA,NA,NA,2
"1306","governing",NA,NA,NA,NA,NA,2
"1307","grid",NA,NA,NA,NA,NA,2
"1308","ground",NA,NA,NA,NA,NA,2
"1309","helping",NA,NA,NA,NA,NA,2
"1310","holes",NA,NA,NA,NA,NA,2
"1311","honored",NA,NA,NA,NA,NA,2
"1312","implications",NA,NA,NA,NA,NA,2
"1313","indispensible",NA,NA,NA,NA,NA,2
"1314","innovative",NA,NA,NA,NA,NA,2
"1315","irs",NA,NA,NA,NA,NA,2
"1316","it92s",NA,NA,NA,NA,NA,2
"1317","janelleorsi",NA,NA,NA,NA,NA,2
"1318","jenny",NA,NA,NA,NA,NA,2
"1319","kassan",NA,NA,NA,NA,NA,2
"1320","kinds",NA,NA,NA,NA,NA,2
"1321","knew",NA,NA,NA,NA,NA,2
"1322","lawyers92",NA,NA,NA,NA,NA,2
"1323","lawyers94",NA,NA,NA,NA,NA,2
"1324","learn",NA,NA,NA,NA,NA,2
"1325","legally",NA,NA,NA,NA,NA,2
"1326","lifestyle",NA,NA,NA,NA,NA,2
"1327","lifestyles",NA,NA,NA,NA,NA,2
"1328","lines",NA,NA,NA,NA,NA,2
"1329","negotiating",NA,NA,NA,NA,NA,2
"1330","never",NA,NA,NA,NA,NA,2
"1331","owns",NA,NA,NA,NA,NA,2
"1332","participatory",NA,NA,NA,NA,NA,2
"1333","phrase",NA,NA,NA,NA,NA,2
"1334","plan",NA,NA,NA,NA,NA,2
"1335","planning",NA,NA,NA,NA,NA,2
"1336","prenuptial",NA,NA,NA,NA,NA,2
"1337","primarily",NA,NA,NA,NA,NA,2
"1338","program",NA,NA,NA,NA,NA,2
"1339","promote",NA,NA,NA,NA,NA,2
"1340","retreat",NA,NA,NA,NA,NA,2
"1341","securities",NA,NA,NA,NA,NA,2
"1342","shares",NA,NA,NA,NA,NA,2
"1343","situations",NA,NA,NA,NA,NA,2
"1344","solution",NA,NA,NA,NA,NA,2
"1345","soon",NA,NA,NA,NA,NA,2
"1346","start",NA,NA,NA,NA,NA,2
"1347","subject",NA,NA,NA,NA,NA,2
"1348","swells",NA,NA,NA,NA,NA,2
"1349","tangled",NA,NA,NA,NA,NA,2
"1350","thoughtful",NA,NA,NA,NA,NA,2
"1351","thriving",NA,NA,NA,NA,NA,2
"1352","typically",NA,NA,NA,NA,NA,2
"1353","unravel",NA,NA,NA,NA,NA,2
"1354","93collaborative",NA,NA,NA,NA,NA,1
"1355","93donate94",NA,NA,NA,NA,NA,1
"1356","93employees94",NA,NA,NA,NA,NA,1
"1357","93forprofit94",NA,NA,NA,NA,NA,1
"1358","93gifts94",NA,NA,NA,NA,NA,1
"1359","93grease",NA,NA,NA,NA,NA,1
"1360","93hobby94",NA,NA,NA,NA,NA,1
"1361","93income94",NA,NA,NA,NA,NA,1
"1362","93invest94",NA,NA,NA,NA,NA,1
"1363","93living",NA,NA,NA,NA,NA,1
"1364","93nonprofit94",NA,NA,NA,NA,NA,1
"1365","93own94",NA,NA,NA,NA,NA,1
"1366","93rent94",NA,NA,NA,NA,NA,1
"1367","93volunteers94",NA,NA,NA,NA,NA,1
"1368","93work94",NA,NA,NA,NA,NA,1
"1369","93zealous94",NA,NA,NA,NA,NA,1
"1370","accustomed",NA,NA,NA,NA,NA,1
"1371","acquired",NA,NA,NA,NA,NA,1
"1372","actually",NA,NA,NA,NA,NA,1
"1373","advise",NA,NA,NA,NA,NA,1
"1374","ago",NA,NA,NA,NA,NA,1
"1375","alive",NA,NA,NA,NA,NA,1
"1376","answers",NA,NA,NA,NA,NA,1
"1377","appallingly",NA,NA,NA,NA,NA,1
"1378","architects",NA,NA,NA,NA,NA,1
"1379","assert",NA,NA,NA,NA,NA,1
"1380","assured",NA,NA,NA,NA,NA,1
"1381","attention",NA,NA,NA,NA,NA,1
"1382","balance",NA,NA,NA,NA,NA,1
"1383","banks",NA,NA,NA,NA,NA,1
"1384","barter",NA,NA,NA,NA,NA,1
"1385","bartering",NA,NA,NA,NA,NA,1
"1386","barters",NA,NA,NA,NA,NA,1
"1387","bigfirm",NA,NA,NA,NA,NA,1
"1388","binding",NA,NA,NA,NA,NA,1
"1389","blogs",NA,NA,NA,NA,NA,1
"1390","blurred",NA,NA,NA,NA,NA,1
"1391","borrows",NA,NA,NA,NA,NA,1
"1392","boxes",NA,NA,NA,NA,NA,1
"1393","broader",NA,NA,NA,NA,NA,1
"1394","bureaucratic",NA,NA,NA,NA,NA,1
"1395","business94",NA,NA,NA,NA,NA,1
"1396","cabinet",NA,NA,NA,NA,NA,1
"1397","calls",NA,NA,NA,NA,NA,1
"1398","can92t",NA,NA,NA,NA,NA,1
"1399","career",NA,NA,NA,NA,NA,1
"1400","categorize",NA,NA,NA,NA,NA,1
"1401","caught",NA,NA,NA,NA,NA,1
"1402","charging",NA,NA,NA,NA,NA,1
"1403","checkboxes",NA,NA,NA,NA,NA,1
"1404","classes",NA,NA,NA,NA,NA,1
"1405","clientbyclient",NA,NA,NA,NA,NA,1
"1406","clinics",NA,NA,NA,NA,NA,1
"1407","clubs",NA,NA,NA,NA,NA,1
"1408","coauthor",NA,NA,NA,NA,NA,1
"1409","cofounded",NA,NA,NA,NA,NA,1
"1410","coining97the",NA,NA,NA,NA,NA,1
"1411","collaborate",NA,NA,NA,NA,NA,1
"1412","comfortable",NA,NA,NA,NA,NA,1
"1413","community92s",NA,NA,NA,NA,NA,1
"1414","complaining",NA,NA,NA,NA,NA,1
"1415","comply",NA,NA,NA,NA,NA,1
"1416","component",NA,NA,NA,NA,NA,1
"1417","composed",NA,NA,NA,NA,NA,1
"1418","conduct",NA,NA,NA,NA,NA,1
"1419","conflict",NA,NA,NA,NA,NA,1
"1420","confusing",NA,NA,NA,NA,NA,1
"1421","consensus",NA,NA,NA,NA,NA,1
"1422","consistency",NA,NA,NA,NA,NA,1
"1423","contrary",NA,NA,NA,NA,NA,1
"1424","contributor",NA,NA,NA,NA,NA,1
"1425","cooperate",NA,NA,NA,NA,NA,1
"1426","copyleft",NA,NA,NA,NA,NA,1
"1427","cosharers",NA,NA,NA,NA,NA,1
"1428","course",NA,NA,NA,NA,NA,1
"1429","court",NA,NA,NA,NA,NA,1
"1430","courtroom",NA,NA,NA,NA,NA,1
"1431","craft",NA,NA,NA,NA,NA,1
"1432","crowd",NA,NA,NA,NA,NA,1
"1433","crowdfunding",NA,NA,NA,NA,NA,1
"1434","crowdsourcing",NA,NA,NA,NA,NA,1
"1435","currencies",NA,NA,NA,NA,NA,1
"1436","cut",NA,NA,NA,NA,NA,1
"1437","cutting",NA,NA,NA,NA,NA,1
"1438","cuttingedge",NA,NA,NA,NA,NA,1
"1439","cynical",NA,NA,NA,NA,NA,1
"1440","dance",NA,NA,NA,NA,NA,1
"1441","day",NA,NA,NA,NA,NA,1
"1442","deals",NA,NA,NA,NA,NA,1
"1443","decisionmaking",NA,NA,NA,NA,NA,1
"1444","definitions",NA,NA,NA,NA,NA,1
"1445","deliver",NA,NA,NA,NA,NA,1
"1446","departments",NA,NA,NA,NA,NA,1
"1447","desire",NA,NA,NA,NA,NA,1
"1448","directions",NA,NA,NA,NA,NA,1
"1449","discounts",NA,NA,NA,NA,NA,1
"1450","dispute",NA,NA,NA,NA,NA,1
"1451","divorce",NA,NA,NA,NA,NA,1
"1452","doskow",NA,NA,NA,NA,NA,1
"1453","draft",NA,NA,NA,NA,NA,1
"1454","drafting",NA,NA,NA,NA,NA,1
"1455","edge",NA,NA,NA,NA,NA,1
"1456","electronics",NA,NA,NA,NA,NA,1
"1457","emerald",NA,NA,NA,NA,NA,1
"1458","emerge",NA,NA,NA,NA,NA,1
"1459","emerging97but",NA,NA,NA,NA,NA,1
"1460","emily",NA,NA,NA,NA,NA,1
"1461","emotions",NA,NA,NA,NA,NA,1
"1462","empowered",NA,NA,NA,NA,NA,1
"1463","empty",NA,NA,NA,NA,NA,1
"1464","ensuring",NA,NA,NA,NA,NA,1
"1465","entering",NA,NA,NA,NA,NA,1
"1466","equity",NA,NA,NA,NA,NA,1
"1467","essential",NA,NA,NA,NA,NA,1
"1468","ethical",NA,NA,NA,NA,NA,1
"1469","event",NA,NA,NA,NA,NA,1
"1470","everyone92s",NA,NA,NA,NA,NA,1
"1471","evolve",NA,NA,NA,NA,NA,1
"1472","explaining",NA,NA,NA,NA,NA,1
"1473","facilitating",NA,NA,NA,NA,NA,1
"1474","facilitator",NA,NA,NA,NA,NA,1
"1475","facilitators",NA,NA,NA,NA,NA,1
"1476","fair",NA,NA,NA,NA,NA,1
"1477","favorable",NA,NA,NA,NA,NA,1
"1478","feel",NA,NA,NA,NA,NA,1
"1479","filing",NA,NA,NA,NA,NA,1
"1480","firm",NA,NA,NA,NA,NA,1
"1481","flow",NA,NA,NA,NA,NA,1
"1482","fluidly",NA,NA,NA,NA,NA,1
"1483","fortunately",NA,NA,NA,NA,NA,1
"1484","forum",NA,NA,NA,NA,NA,1
"1485","foster",NA,NA,NA,NA,NA,1
"1486","freely",NA,NA,NA,NA,NA,1
"1487","frequently",NA,NA,NA,NA,NA,1
"1488","fully",NA,NA,NA,NA,NA,1
"1489","generates",NA,NA,NA,NA,NA,1
"1490","gerard",NA,NA,NA,NA,NA,1
"1491","giant",NA,NA,NA,NA,NA,1
"1492","gigantic",NA,NA,NA,NA,NA,1
"1493","govern",NA,NA,NA,NA,NA,1
"1494","grease",NA,NA,NA,NA,NA,1
"1495","greasing",NA,NA,NA,NA,NA,1
"1496","grid94",NA,NA,NA,NA,NA,1
"1497","grocery",NA,NA,NA,NA,NA,1
"1498","grown",NA,NA,NA,NA,NA,1
"1499","grows",NA,NA,NA,NA,NA,1
"1500","guide",NA,NA,NA,NA,NA,1
"1501","half",NA,NA,NA,NA,NA,1
"1502","handy",NA,NA,NA,NA,NA,1
"1503","harmony",NA,NA,NA,NA,NA,1
"1504","hasn92t",NA,NA,NA,NA,NA,1
"1505","headaches",NA,NA,NA,NA,NA,1
"1506","headway",NA,NA,NA,NA,NA,1
"1507","helps",NA,NA,NA,NA,NA,1
"1508","hires",NA,NA,NA,NA,NA,1
"1509","hole",NA,NA,NA,NA,NA,1
"1510","hot",NA,NA,NA,NA,NA,1
"1511","hours",NA,NA,NA,NA,NA,1
"1512","improved",NA,NA,NA,NA,NA,1
"1513","incentivize",NA,NA,NA,NA,NA,1
"1514","increasingly",NA,NA,NA,NA,NA,1
"1515","informed",NA,NA,NA,NA,NA,1
"1516","input",NA,NA,NA,NA,NA,1
"1517","insist",NA,NA,NA,NA,NA,1
"1518","intentional",NA,NA,NA,NA,NA,1
"1519","interact",NA,NA,NA,NA,NA,1
"1520","interpret",NA,NA,NA,NA,NA,1
"1521","investments",NA,NA,NA,NA,NA,1
"1522","it92ll",NA,NA,NA,NA,NA,1
"1523","job",NA,NA,NA,NA,NA,1
"1524","join",NA,NA,NA,NA,NA,1
"1525","joint",NA,NA,NA,NA,NA,1
"1526","joke",NA,NA,NA,NA,NA,1
"1527","landscaping",NA,NA,NA,NA,NA,1
"1528","lawyerclient",NA,NA,NA,NA,NA,1
"1529","lenders",NA,NA,NA,NA,NA,1
"1530","lends",NA,NA,NA,NA,NA,1
"1531","licensing",NA,NA,NA,NA,NA,1
"1532","liked",NA,NA,NA,NA,NA,1
"1533","lists",NA,NA,NA,NA,NA,1
"1534","litigators",NA,NA,NA,NA,NA,1
"1535","livelihoods",NA,NA,NA,NA,NA,1
"1536","lives",NA,NA,NA,NA,NA,1
"1537","livework",NA,NA,NA,NA,NA,1
"1538","loans",NA,NA,NA,NA,NA,1
"1539","lobbying",NA,NA,NA,NA,NA,1
"1540","localized",NA,NA,NA,NA,NA,1
"1541","looking",NA,NA,NA,NA,NA,1
"1542","looks",NA,NA,NA,NA,NA,1
"1543","luck",NA,NA,NA,NA,NA,1
"1544","lynne92s",NA,NA,NA,NA,NA,1
